word,transcription,translation,example_en,example_ru,audio_url
mention,[ˈmenʃən],упоминать,He didn't mention the problem.,Он не упомянул о проблеме.,https://ssl.gstatic.com/dictionary/static/sounds/20200429/mention--_us_1.mp3
sunbathing,[ˈsʌnbeɪðɪŋ],загорание,I enjoy sunbathing on the beach.,Я люблю загорать на пляже.,https://ssl.gstatic.com/dictionary/static/sounds/20200429/sunbathing--_us_1.mp3
hotel,[hoʊˈtel],отель,We stayed at a nice hotel.,Мы остановились в хорошем отеле.,https://ssl.gstatic.com/dictionary/static/sounds/20200429/hotel--_us_1.mp3
pack,[pæk],пакет; упаковывать,Don't forget to pack your suitcase.,Не забудь упаковать чемодан.,https://ssl.gstatic.com/dictionary/static/sounds/20200429/pack--_us_1.mp3
book,[bʊk],книга; бронировать,I need to book a flight.,Мне нужно забронировать рейс.,https://ssl.gstatic.com/dictionary/static/sounds/20200429/book--_us_1.mp3
camping,[ˈkæmpɪŋ],кемпинг,We went camping last weekend.,Мы ходили в поход на прошлых выходных.,https://ssl.gstatic.com/dictionary/static/sounds/20200429/camping--_us_1.mp3
sightseeing,[ˈsaɪtsiːɪŋ],осмотр достопримечательностей,We did some sightseeing in the city.,Мы осмотрели достопримечательности города.,https://ssl.gstatic.com/dictionary/static/sounds/20200429/sightseeing--_us_1.mp3
amusement,[əˈmjuːzmənt],развлечение,The amusement park was crowded.,Парк развлечений был переполнен.,https://ssl.gstatic.com/dictionary/static/sounds/20200429/amusement--_us_1.mp3
parcel,[ˈpɑːrsəl],посылка,The parcel arrived yesterday.,Посылка прибыла вчера.,https://ssl.gstatic.com/dictionary/static/sounds/20200429/parcel--_us_1.mp3
break,[breɪk],перерыв; ломать,Let's take a break.,Давайте сделаем перерыв.,https://ssl.gstatic.com/dictionary/static/sounds/20200429/break--_us_1.mp3
Heimlich maneuver,[ˈhaɪmlɪk məˈnuːvər],приём Геймлиха,The Heimlich maneuver saved his life.,Приём Геймлиха спас ему жизнь.,https://ssl.gstatic.com/dictionary/static/sounds/20200429/maneuver--_us_1.mp3
burn,[bɜːrn],ожог; гореть,She got a burn from the hot water.,Она получила ожог от горячей воды.,https://ssl.gstatic.com/dictionary/static/sounds/20200429/burn--_us_1.mp3
first aid,[fɜːrst eɪd],первая помощь,He knows first aid.,Он знает первую помощь.,https://ssl.gstatic.com/dictionary/static/sounds/20200429/aid--_us_1.mp3
cost,[kɔːst],стоимость; стоить,What does it cost?,Сколько это стоит?,https://ssl.gstatic.com/dictionary/static/sounds/20200429/cost--_us_1.mp3
pill,[pɪl],таблетка,Take one pill twice a day.,Принимайте по одной таблетке дважды в день.,https://ssl.gstatic.com/dictionary/static/sounds/20200429/pill--_us_1.mp3
medicine,[ˈmedɪsɪn],лекарство; медицина,The medicine helped him.,Лекарство помогло ему.,https://ssl.gstatic.com/dictionary/static/sounds/20200429/medicine--_us_1.mp3
runny nose,[ˈrʌni noʊz],насморк,I have a runny nose.,У меня насморк.,https://ssl.gstatic.com/dictionary/static/sounds/20200429/nose--_us_1.mp3
sneeze,[sniːz],чихать,She sneezed loudly.,Она громко чихнула.,https://ssl.gstatic.com/dictionary/static/sounds/20200429/sneeze--_us_1.mp3
cough,[kɔːf],кашель; кашлять,He has a bad cough.,У него сильный кашель.,https://ssl.gstatic.com/dictionary/static/sounds/20200429/cough--_us_1.mp3
chemist's,[ˈkemɪsts],аптека,Go to the chemist's for medicine.,Иди в аптеку за лекарством.,https://ssl.gstatic.com/dictionary/static/sounds/20200429/chemist--_us_1.mp3
prescription,[prɪˈskrɪpʃən],рецепт,The doctor wrote a prescription.,Врач выписал рецепт.,https://ssl.gstatic.com/dictionary/static/sounds/20200429/prescription--_us_1.mp3
prescribe,[prɪˈskraɪb],выписывать рецепт,The doctor will prescribe antibiotics.,Врач выпишет антибиотики.,https://ssl.gstatic.com/dictionary/static/sounds/20200429/prescribe--_us_1.mp3
traumatology,[ˌtrɔːməˈtɑːlədʒi],травматология,He works in traumatology.,Он работает в травматологии.,https://ssl.gstatic.com/dictionary/static/sounds/20200429/traumatology--_us_1.mp3
terrible,[ˈterəbəl],ужасный,The weather was terrible.,Погода была ужасной.,https://ssl.gstatic.com/dictionary/static/sounds/20200429/terrible--_us_1.mp3
weak,[wiːk],слабый,He felt weak after the illness.,Он чувствовал себя слабым после болезни.,https://ssl.gstatic.com/dictionary/static/sounds/20200429/weak--_us_1.mp3
ear,[ɪr],ухо,My ear hurts.,У меня болит ухо.,https://ssl.gstatic.com/dictionary/static/sounds/20200429/ear--_us_1.mp3
ache,[eɪk],боль; болеть,My head aches.,У меня болит голова.,https://ssl.gstatic.com/dictionary/static/sounds/20200429/ache--_us_1.mp3
stomach,[ˈstʌmək],желудок,My stomach hurts.,У меня болит желудок.,https://ssl.gstatic.com/dictionary/static/sounds/20200429/stomach--_us_1.mp3
loud,[laʊd],громкий,The music was too loud.,Музыка была слишком громкой.,https://ssl.gstatic.com/dictionary/static/sounds/20200429/loud--_us_1.mp3
inventor,[ɪnˈventər],изобретатель,He is a famous inventor.,Он известный изобретатель.,https://ssl.gstatic.com/dictionary/static/sounds/20200429/inventor--_us_1.mp3
carry,[ˈkæri],нести,Can you carry this bag?,Можешь понести эту сумку?,https://ssl.gstatic.com/dictionary/static/sounds/20200429/carry--_us_1.mp3
least,[liːst],наименьший; по крайней мере,At least try.,По крайней мере попробуй.,https://ssl.gstatic.com/dictionary/static/sounds/20200429/least--_us_1.mp3
van,[væn],фургон,We rented a van.,Мы арендовали фургон.,https://ssl.gstatic.com/dictionary/static/sounds/20200429/van--_us_1.mp3
SUV,[ˌes juː ˈviː],внедорожник,He drives an SUV.,Он ездит на внедорожнике.,https://ssl.gstatic.com/dictionary/static/sounds/20200429/suv--_us_1.mp3
whole,[hoʊl],весь; целый,The whole day was rainy.,Весь день шёл дождь.,https://ssl.gstatic.com/dictionary/static/sounds/20200429/whole--_us_1.mp3
around,[əˈraʊnd],вокруг; около,We walked around the city.,Мы гуляли по городу.,https://ssl.gstatic.com/dictionary/static/sounds/20200429/around--_us_1.mp3
board game,[bɔːrd ɡeɪm],настольная игра,Let's play a board game.,Давайте сыграем в настольную игру.,https://ssl.gstatic.com/dictionary/static/sounds/20200429/board--_us_1.mp3
join,[dʒɔɪn],присоединяться,Join us for dinner.,Присоединяйся к нам на ужин.,https://ssl.gstatic.com/dictionary/static/sounds/20200429/join--_us_1.mp3
prefer,[prɪˈfɜːr],предпочитать,I prefer tea to coffee.,Я предпочитаю чай кофе.,https://ssl.gstatic.com/dictionary/static/sounds/20200429/prefer--_us_1.mp3
tangerine,[ˈtændʒəriːn],мандарин,I bought some tangerines.,Я купил мандарины.,https://ssl.gstatic.com/dictionary/static/sounds/20200429/tangerine--_us_1.mp3
seem,[siːm],казаться,It seems easy.,Это кажется лёгким.,https://ssl.gstatic.com/dictionary/static/sounds/20200429/seem--_us_1.mp3
shouted,[ˈʃaʊtɪd],кричал,He shouted for help.,Он кричал о помощи.,https://ssl.gstatic.com/dictionary/static/sounds/20200429/shout--_us_1.mp3
within,[wɪˈðɪn],в пределах; в течение,We'll be there within an hour.,Мы будем там в течение часа.,https://ssl.gstatic.com/dictionary/static/sounds/20200429/within--_us_1.mp3
couple,[ˈkʌpəl],пара; несколько,A couple of days ago.,Несколько дней назад.,https://ssl.gstatic.com/dictionary/static/sounds/20200429/couple--_us_1.mp3
shouting,[ˈʃaʊtɪŋ],кричащий,Stop shouting!,Перестань кричать!,https://ssl.gstatic.com/dictionary/static/sounds/20200429/shout--_us_1.mp3
homeless,[ˈhoʊmləs],бездомный,He helps homeless people.,Он помогает бездомным.,https://ssl.gstatic.com/dictionary/static/sounds/20200429/homeless--_us_1.mp3
certainly,[ˈsɜːrtənli],конечно,Certainly I will help.,Конечно, я помогу.,https://ssl.gstatic.com/dictionary/static/sounds/20200429/certainly--_us_1.mp3
hug,[hʌɡ],объятие; обнимать,Give me a hug.,Обними меня.,https://ssl.gstatic.com/dictionary/static/sounds/20200429/hug--_us_1.mp3
several,[ˈsevrəl],несколько,I've been there several times.,Я был там несколько раз.,https://ssl.gstatic.com/dictionary/static/sounds/20200429/several--_us_1.mp3
unpleasant,[ʌnˈplezənt],неприятный,It was an unpleasant experience.,Это был неприятный опыт.,https://ssl.gstatic.com/dictionary/static/sounds/20200429/unpleasant--_us_1.mp3
compartment,[kəmˈpɑːrtmənt],отсек; купе,Put it in the glove compartment.,Положи это в бардачок.,https://ssl.gstatic.com/dictionary/static/sounds/20200429/compartment--_us_1.mp3
take away,[teɪk əˈweɪ],уносить; еда на вынос,Can I take away?,Можно на вынос?,https://ssl.gstatic.com/dictionary/static/sounds/20200429/away--_us_1.mp3
fellow traveller,[ˈfeloʊ ˈtrævələr],попутчик,He was a friendly fellow traveller.,Он был дружелюбным попутчиком.,https://ssl.gstatic.com/dictionary/static/sounds/20200429/fellow--_us_1.mp3
noisy,[ˈnɔɪzi],шумный,The street was very noisy.,Улица была очень шумной.,https://ssl.gstatic.com/dictionary/static/sounds/20200429/noisy--_us_1.mp3
similar,[ˈsɪmələr],похожий,They look similar.,Они выглядят похожими.,https://ssl.gstatic.com/dictionary/static/sounds/20200429/similar--_us_1.mp3
folk,[foʊk],народ; люди,Folk music is popular.,Народная музыка популярна.,https://ssl.gstatic.com/dictionary/static/sounds/20200429/folk--_us_1.mp3
during,[ˈdʊrɪŋ],в течение,During the meeting.,В течение встречи.,https://ssl.gstatic.com/dictionary/static/sounds/20200429/during--_us_1.mp3
insanity,[ɪnˈsænəti],безумие,That's insanity!,Это безумие!,https://ssl.gstatic.com/dictionary/static/sounds/20200429/insanity--_us_1.mp3
stranger,[ˈstreɪndʒər],незнакомец,Don't talk to strangers.,Не разговаривай с незнакомцами.,https://ssl.gstatic.com/dictionary/static/sounds/20200429/stranger--_us_1.mp3
unimportant,[ˌʌnɪmˈpɔːrtənt],неважный,It's unimportant.,Это неважно.,https://ssl.gstatic.com/dictionary/static/sounds/20200429/unimportant--_us_1.mp3
colleague,[ˈkɑːliːɡ],коллега,My colleague helped me.,Мой коллега помог мне.,https://ssl.gstatic.com/dictionary/static/sounds/20200429/colleague--_us_1.mp3
thought,[θɔːt],мысль; думал,I had a thought.,У меня была мысль.,https://ssl.gstatic.com/dictionary/static/sounds/20200429/thought--_us_1.mp3
business trip,[ˈbɪznəs trɪp],командировка,He's on a business trip.,Он в командировке.,https://ssl.gstatic.com/dictionary/static/sounds/20200429/business--_us_1.mp3
science,[ˈsaɪəns],наука,Science is important.,Наука важна.,https://ssl.gstatic.com/dictionary/static/sounds/20200429/science--_us_1.mp3
destination,[ˌdestɪˈneɪʃən],назначение; место назначения,What's your destination?,Какое ваше место назначения?,https://ssl.gstatic.com/dictionary/static/sounds/20200429/destination--_us_1.mp3
fill up,[fɪl ʌp],заправлять; заполнять,Fill up the tank.,Заправь бак.,https://ssl.gstatic.com/dictionary/static/sounds/20200429/fill--_us_1.mp3
phrase,[freɪz],фраза,Learn this phrase.,Выучи эту фразу.,https://ssl.gstatic.com/dictionary/static/sounds/20200429/phrase--_us_1.mp3
way,[weɪ],путь; способ,Which way should I go?,Куда мне идти?,https://ssl.gstatic.com/dictionary/static/sounds/20200429/way--_us_1.mp3
wide,[waɪd],широкий,The road is wide.,Дорога широкая.,https://ssl.gstatic.com/dictionary/static/sounds/20200429/wide--_us_1.mp3
speed bump,[spiːd bʌmp],лежачий полицейский,Slow down at the speed bump.,Сбавь скорость у лежачего полицейского.,https://ssl.gstatic.com/dictionary/static/sounds/20200429/speed--_us_1.mp3
intersection,[ˌɪntərˈsekʃən],перекрёсток,Turn left at the intersection.,Поверни налево на перекрёстке.,https://ssl.gstatic.com/dictionary/static/sounds/20200429/intersection--_us_1.mp3
crossroad,[ˈkrɔːsroʊd],перекрёсток,We're at a crossroad.,Мы на перекрёстке.,https://ssl.gstatic.com/dictionary/static/sounds/20200429/crossroad--_us_1.mp3
cross the street,[krɔːs ðə striːt],переходить улицу,Look before you cross the street.,Посмотри перед тем как переходить улицу.,https://ssl.gstatic.com/dictionary/static/sounds/20200429/cross--_us_1.mp3
give directions,[ɡɪv dɪˈrekʃənz],объяснить дорогу,Can you give directions?,Можешь объяснить дорогу?,https://ssl.gstatic.com/dictionary/static/sounds/20200429/direction--_us_1.mp3
owner,[ˈoʊnər],владелец,The owner is friendly.,Владелец дружелюбный.,https://ssl.gstatic.com/dictionary/static/sounds/20200429/owner--_us_1.mp3
abandoned,[əˈbændənd],заброшенный,The house was abandoned.,Дом был заброшен.,https://ssl.gstatic.com/dictionary/static/sounds/20200429/abandoned--_us_1.mp3
especially,[ɪˈspeʃəli],особенно,I like it especially.,Мне это особенно нравится.,https://ssl.gstatic.com/dictionary/static/sounds/20200429/especially--_us_1.mp3
caviar,[ˈkæviɑːr],икра,Russian caviar is expensive.,Русская икра дорогая.,https://ssl.gstatic.com/dictionary/static/sounds/20200429/caviar--_us_1.mp3
budget,[ˈbʌdʒɪt],бюджет,We have a tight budget.,У нас ограниченный бюджет.,https://ssl.gstatic.com/dictionary/static/sounds/20200429/budget--_us_1.mp3
rent,[rent],аренда; сдавать в аренду,How much is the rent?,Сколько стоит аренда?,https://ssl.gstatic.com/dictionary/static/sounds/20200429/rent--_us_1.mp3
depends,[dɪˈpendz],зависит,It depends on you.,Это зависит от тебя.,https://ssl.gstatic.com/dictionary/static/sounds/20200429/depend--_us_1.mp3
take into account,[teɪk ˈɪntuː əˈkaʊnt],принимать во внимание,Take into account the weather.,Прими во внимание погоду.,https://ssl.gstatic.com/dictionary/static/sounds/20200429/account--_us_1.mp3
pity,[ˈpɪti],жалость; жаль,What a pity!,Какая жалость!,https://ssl.gstatic.com/dictionary/static/sounds/20200429/pity--_us_1.mp3
accommodation,[əˌkɑːməˈdeɪʃən],жильё; размещение,We found accommodation.,Мы нашли жильё.,https://ssl.gstatic.com/dictionary/static/sounds/20200429/accommodation--_us_1.mp3
less,[les],меньше,Less sugar please.,Меньше сахара, пожалуйста.,https://ssl.gstatic.com/dictionary/static/sounds/20200429/less--_us_1.mp3
disagree,[ˌdɪsəˈɡriː],не соглашаться,I disagree.,Я не согласен.,https://ssl.gstatic.com/dictionary/static/sounds/20200429/disagree--_us_1.mp3
indeed,[ɪnˈdiːd],действительно,Indeed it is.,Действительно так.,https://ssl.gstatic.com/dictionary/static/sounds/20200429/indeed--_us_1.mp3
wet,[wet],мокрый,The ground is wet.,Земля мокрая.,https://ssl.gstatic.com/dictionary/static/sounds/20200429/wet--_us_1.mp3
brush,[brʌʃ],щётка; чистить,Brush your teeth.,Почисти зубы.,https://ssl.gstatic.com/dictionary/static/sounds/20200429/brush--_us_1.mp3
rude,[ruːd],грубый,That was rude.,Это было грубо.,https://ssl.gstatic.com/dictionary/static/sounds/20200429/rude--_us_1.mp3
silly,[ˈsɪli],глупый,Don't be silly.,Не будь глупым.,https://ssl.gstatic.com/dictionary/static/sounds/20200429/silly--_us_1.mp3
spend,[spend],тратить; проводить,I spend time reading.,Я провожу время за чтением.,https://ssl.gstatic.com/dictionary/static/sounds/20200429/spend--_us_1.mp3
cucumber,[ˈkjuːkʌmbər],огурец,I like cucumbers.,Я люблю огурцы.,https://ssl.gstatic.com/dictionary/static/sounds/20200429/cucumber--_us_1.mp3
washing machine,[ˈwɑːʃɪŋ məˈʃiːn],стиральная машина,The washing machine is broken.,Стиральная машина сломана.,https://ssl.gstatic.com/dictionary/static/sounds/20200429/washing--_us_1.mp3
bedside table,[ˈbedsaɪd ˈteɪbəl],прикроватная тумбочка,Put it on the bedside table.,Положи это на прикроватную тумбочку.,https://ssl.gstatic.com/dictionary/static/sounds/20200429/bedside--_us_1.mp3
fridge,[frɪdʒ],холодильник,Put it in the fridge.,Положи это в холодильник.,https://ssl.gstatic.com/dictionary/static/sounds/20200429/fridge--_us_1.mp3
sofa,[ˈsoʊfə],диван,Sit on the sofa.,Сядь на диван.,https://ssl.gstatic.com/dictionary/static/sounds/20200429/sofa--_us_1.mp3
carpet,[ˈkɑːrpɪt],ковёр,The carpet is soft.,Ковёр мягкий.,https://ssl.gstatic.com/dictionary/static/sounds/20200429/carpet--_us_1.mp3
bath,[bæθ],ванна,Take a bath.,Прими ванну.,https://ssl.gstatic.com/dictionary/static/sounds/20200429/bath--_us_1.mp3
table,[ˈteɪbəl],стол,Sit at the table.,Сядь за стол.,https://ssl.gstatic.com/dictionary/static/sounds/20200429/table--_us_1.mp3
wardrobe,[ˈwɔːrdroʊb],гардероб; шкаф,Open the wardrobe.,Открой шкаф.,https://ssl.gstatic.com/dictionary/static/sounds/20200429/wardrobe--_us_1.mp3
bed,[bed],кровать,Go to bed.,Иди спать.,https://ssl.gstatic.com/dictionary/static/sounds/20200429/bed--_us_1.mp3
armchair,[ˈɑːrmtʃer],кресло,Sit in the armchair.,Сядь в кресло.,https://ssl.gstatic.com/dictionary/static/sounds/20200429/armchair--_us_1.mp3
chair,[tʃer],стул,The chair is comfortable.,Стул удобный.,https://ssl.gstatic.com/dictionary/static/sounds/20200429/chair--_us_1.mp3
mirror,[ˈmɪrər],зеркало,Look in the mirror.,Посмотри в зеркало.,https://ssl.gstatic.com/dictionary/static/sounds/20200429/mirror--_us_1.mp3
toilet,[ˈtɔɪlɪt],туалет,Where is the toilet?,Где туалет?,https://ssl.gstatic.com/dictionary/static/sounds/20200429/toilet--_us_1.mp3
bathroom,[ˈbæθruːm],ванная комната,The bathroom is clean.,Ванная комната чистая.,https://ssl.gstatic.com/dictionary/static/sounds/20200429/bathroom--_us_1.mp3
dining room,[ˈdaɪnɪŋ ruːm],столовая,We eat in the dining room.,Мы едим в столовой.,https://ssl.gstatic.com/dictionary/static/sounds/20200429/dining--_us_1.mp3
living room,[ˈlɪvɪŋ ruːm],гостиная,The living room is spacious.,Гостиная просторная.,https://ssl.gstatic.com/dictionary/static/sounds/20200429/living--_us_1.mp3
balcony,[ˈbælkəni],балкон,We have a balcony.,У нас есть балкон.,https://ssl.gstatic.com/dictionary/static/sounds/20200429/balcony--_us_1.mp3
kitchen,[ˈkɪtʃɪn],кухня,The kitchen is modern.,Кухня современная.,https://ssl.gstatic.com/dictionary/static/sounds/20200429/kitchen--_us_1.mp3
everyone,[ˈevriwʌn],все,Everyone is here.,Все здесь.,https://ssl.gstatic.com/dictionary/static/sounds/20200429/everyone--_us_1.mp3
retired,[rɪˈtaɪərd],на пенсии,He is retired.,Он на пенсии.,https://ssl.gstatic.com/dictionary/static/sounds/20200429/retired--_us_1.mp3
prosecutor,[ˈprɑːsɪkjuːtər],прокурор,The prosecutor presented evidence.,Прокурор представил доказательства.,https://ssl.gstatic.com/dictionary/static/sounds/20200429/prosecutor--_us_1.mp3
life,[laɪf],жизнь,Life is beautiful.,Жизнь прекрасна.,https://ssl.gstatic.com/dictionary/static/sounds/20200429/life--_us_1.mp3
nephew,[ˈnefjuː],племянник,My nephew is smart.,Мой племянник умный.,https://ssl.gstatic.com/dictionary/static/sounds/20200429/nephew--_us_1.mp3
such,[sʌtʃ],такой,Such a beautiful day.,Такой прекрасный день.,https://ssl.gstatic.com/dictionary/static/sounds/20200429/such--_us_1.mp3
gather,[ˈɡæðər],собирать; собираться,We gather here every week.,Мы собираемся здесь каждую неделю.,https://ssl.gstatic.com/dictionary/static/sounds/20200429/gather--_us_1.mp3
unofficial,[ˌʌnəˈfɪʃəl],неофициальный,It's unofficial.,Это неофициально.,https://ssl.gstatic.com/dictionary/static/sounds/20200429/unofficial--_us_1.mp3
razor,[ˈreɪzər],бритва,He uses an electric razor.,Он использует электрическую бритву.,https://ssl.gstatic.com/dictionary/static/sounds/20200429/razor--_us_1.mp3
make a list,[meɪk ə lɪst],составить список,Make a list of things to buy.,Составь список вещей для покупки.,https://ssl.gstatic.com/dictionary/static/sounds/20200429/list--_us_1.mp3
event,[ɪˈvent],событие,It was a big event.,Это было большое событие.,https://ssl.gstatic.com/dictionary/static/sounds/20200429/event--_us_1.mp3
tie,[taɪ],галстук; завязывать,He wears a tie.,Он носит галстук.,https://ssl.gstatic.com/dictionary/static/sounds/20200429/tie--_us_1.mp3
celebrate,[ˈseləbreɪt],праздновать,Let's celebrate!,Давайте отпразднуем!,https://ssl.gstatic.com/dictionary/static/sounds/20200429/celebrate--_us_1.mp3
wish,[wɪʃ],желание; желать,I wish you luck.,Желаю тебе удачи.,https://ssl.gstatic.com/dictionary/static/sounds/20200429/wish--_us_1.mp3
gift,[ɡɪft],подарок,What a nice gift!,Какой хороший подарок!,https://ssl.gstatic.com/dictionary/static/sounds/20200429/gift--_us_1.mp3
cooker,[ˈkʊkər],плита,The cooker is new.,Плита новая.,https://ssl.gstatic.com/dictionary/static/sounds/20200429/cooker--_us_1.mp3
oven,[ˈʌvən],духовка,Preheat the oven.,Разогрей духовку.,https://ssl.gstatic.com/dictionary/static/sounds/20200429/oven--_us_1.mp3
smoked,[smoʊkt],копчёный,Smoked salmon is delicious.,Копчёный лосось вкусный.,https://ssl.gstatic.com/dictionary/static/sounds/20200429/smoked--_us_1.mp3
unusual,[ʌnˈjuːʒuəl],необычный,That's unusual.,Это необычно.,https://ssl.gstatic.com/dictionary/static/sounds/20200429/unusual--_us_1.mp3
healthy,[ˈhelθi],здоровый,Eat healthy food.,Ешь здоровую пищу.,https://ssl.gstatic.com/dictionary/static/sounds/20200429/healthy--_us_1.mp3
remoteness,[rɪˈmoʊtnəs],удалённость,The remoteness was appealing.,Удалённость была привлекательной.,https://ssl.gstatic.com/dictionary/static/sounds/20200429/remoteness--_us_1.mp3
spotless,[ˈspɑːtləs],безупречный,The room was spotless.,Комната была безупречной.,https://ssl.gstatic.com/dictionary/static/sounds/20200429/spotless--_us_1.mp3
pristine,[ˈprɪstiːn],нетронутый,The beach was pristine.,Пляж был нетронутым.,https://ssl.gstatic.com/dictionary/static/sounds/20200429/pristine--_us_1.mp3
unspoilt,[ˌʌnˈspɔɪlt],неиспорченный,The nature is unspoilt.,Природа неиспорчена.,https://ssl.gstatic.com/dictionary/static/sounds/20200429/unspoilt--_us_1.mp3
severe,[sɪˈvɪr],суровый; серьёзный,The weather was severe.,Погода была суровой.,https://ssl.gstatic.com/dictionary/static/sounds/20200429/severe--_us_1.mp3
revive,[rɪˈvaɪv],оживлять; возрождать,We need to revive the economy.,Нам нужно возродить экономику.,https://ssl.gstatic.com/dictionary/static/sounds/20200429/revive--_us_1.mp3
predictable,[prɪˈdɪktəbəl],предсказуемый,It was predictable.,Это было предсказуемо.,https://ssl.gstatic.com/dictionary/static/sounds/20200429/predictable--_us_1.mp3
demanding,[dɪˈmændɪŋ],требовательный,The job is demanding.,Работа требовательная.,https://ssl.gstatic.com/dictionary/static/sounds/20200429/demanding--_us_1.mp3
letter,[ˈletər],письмо; буква,I received a letter.,Я получил письмо.,https://ssl.gstatic.com/dictionary/static/sounds/20200429/letter--_us_1.mp3
refine,[rɪˈfaɪn],улучшать; очищать,We need to refine the process.,Нам нужно улучшить процесс.,https://ssl.gstatic.com/dictionary/static/sounds/20200429/refine--_us_1.mp3
neat,[niːt],аккуратный,Keep it neat.,Держи это аккуратно.,https://ssl.gstatic.com/dictionary/static/sounds/20200429/neat--_us_1.mp3
legible,[ˈledʒəbəl],читаемый,The writing is legible.,Почерк читаемый.,https://ssl.gstatic.com/dictionary/static/sounds/20200429/legible--_us_1.mp3
liquid,[ˈlɪkwɪd],жидкость,Water is a liquid.,Вода - это жидкость.,https://ssl.gstatic.com/dictionary/static/sounds/20200429/liquid--_us_1.mp3
cover,[ˈkʌvər],покрывать; обложка,Cover the pot.,Накрой кастрюлю.,https://ssl.gstatic.com/dictionary/static/sounds/20200429/cover--_us_1.mp3
industrious,[ɪnˈdʌstriəs],трудолюбивый,He is industrious.,Он трудолюбивый.,https://ssl.gstatic.com/dictionary/static/sounds/20200429/industrious--_us_1.mp3
impenetrable,[ɪmˈpenɪtrəbəl],непроницаемый,The forest is impenetrable.,Лес непроницаемый.,https://ssl.gstatic.com/dictionary/static/sounds/20200429/impenetrable--_us_1.mp3
almost,[ˈɔːlmoʊst],почти,We're almost there.,Мы почти там.,https://ssl.gstatic.com/dictionary/static/sounds/20200429/almost--_us_1.mp3
thick,[θɪk],толстый,The book is thick.,Книга толстая.,https://ssl.gstatic.com/dictionary/static/sounds/20200429/thick--_us_1.mp3
dense,[dens],плотный,The forest is dense.,Лес плотный.,https://ssl.gstatic.com/dictionary/static/sounds/20200429/dense--_us_1.mp3
solidify,[səˈlɪdɪfaɪ],затвердевать,The liquid will solidify.,Жидкость затвердеет.,https://ssl.gstatic.com/dictionary/static/sounds/20200429/solidify--_us_1.mp3
prolific,[prəˈlɪfɪk],плодовитый,He is a prolific writer.,Он плодовитый писатель.,https://ssl.gstatic.com/dictionary/static/sounds/20200429/prolific--_us_1.mp3
throughout,[θruːˈaʊt],на протяжении,Throughout the day.,На протяжении дня.,https://ssl.gstatic.com/dictionary/static/sounds/20200429/throughout--_us_1.mp3
keep,[kiːp],держать; продолжать,Keep going.,Продолжай.,https://ssl.gstatic.com/dictionary/static/sounds/20200429/keep--_us_1.mp3
among,[əˈmʌŋ],среди,Among friends.,Среди друзей.,https://ssl.gstatic.com/dictionary/static/sounds/20200429/among--_us_1.mp3
great,[ɡreɪt],великий; отличный,That's great!,Это отлично!,https://ssl.gstatic.com/dictionary/static/sounds/20200429/great--_us_1.mp3
astonish,[əˈstɑːnɪʃ],поражать,It will astonish you.,Это поразит тебя.,https://ssl.gstatic.com/dictionary/static/sounds/20200429/astonish--_us_1.mp3
appealing,[əˈpiːlɪŋ],привлекательный,That sounds appealing.,Это звучит привлекательно.,https://ssl.gstatic.com/dictionary/static/sounds/20200429/appealing--_us_1.mp3
amusing,[əˈmjuːzɪŋ],забавный,It was amusing.,Это было забавно.,https://ssl.gstatic.com/dictionary/static/sounds/20200429/amusing--_us_1.mp3
accountant,[əˈkaʊntənt],бухгалтер,She works as an accountant.,Она работает бухгалтером.,https://ssl.gstatic.com/dictionary/static/sounds/20200429/accountant--_us_1.mp3
arrive,[əˈraɪv],прибывать,We'll arrive soon.,Мы скоро приедем.,https://ssl.gstatic.com/dictionary/static/sounds/20200429/arrive--_us_1.mp3
vacation,[veɪˈkeɪʃən],отпуск,Have a nice vacation!,Хорошего отпуска!,https://ssl.gstatic.com/dictionary/static/sounds/20200429/vacation--_us_1.mp3
moody,[ˈmuːdi],капризный,He's moody today.,Он капризный сегодня.,https://ssl.gstatic.com/dictionary/static/sounds/20200429/moody--_us_1.mp3
finally,[ˈfaɪnəli],наконец,Finally we're here.,Наконец мы здесь.,https://ssl.gstatic.com/dictionary/static/sounds/20200429/finally--_us_1.mp3
scientific,[ˌsaɪənˈtɪfɪk],научный,It's a scientific approach.,Это научный подход.,https://ssl.gstatic.com/dictionary/static/sounds/20200429/scientific--_us_1.mp3
because of,[bɪˈkɔːz ʌv],из-за,Because of the rain.,Из-за дождя.,https://ssl.gstatic.com/dictionary/static/sounds/20200429/because--_us_1.mp3
recently,[ˈriːsəntli],недавно,I saw him recently.,Я видел его недавно.,https://ssl.gstatic.com/dictionary/static/sounds/20200429/recently--_us_1.mp3
pay back,[peɪ bæk],возвращать долг,I'll pay you back.,Я верну тебе долг.,https://ssl.gstatic.com/dictionary/static/sounds/20200429/pay--_us_1.mp3
conveyor belt,[kənˈveɪər belt],конвейерная лента,The conveyor belt stopped.,Конвейерная лента остановилась.,https://ssl.gstatic.com/dictionary/static/sounds/20200429/conveyor--_us_1.mp3
catch,[kætʃ],ловить; поймать,Catch the ball.,Поймай мяч.,https://ssl.gstatic.com/dictionary/static/sounds/20200429/catch--_us_1.mp3
equipment,[ɪˈkwɪpmənt],оборудование,We need new equipment.,Нам нужно новое оборудование.,https://ssl.gstatic.com/dictionary/static/sounds/20200429/equipment--_us_1.mp3
contestant,[kənˈtestənt],участник соревнования,The contestant won.,Участник выиграл.,https://ssl.gstatic.com/dictionary/static/sounds/20200429/contestant--_us_1.mp3
bend,[bend],гнуть; изгиб,Bend your knees.,Согни колени.,https://ssl.gstatic.com/dictionary/static/sounds/20200429/bend--_us_1.mp3
satisfaction,[ˌsætɪsˈfækʃən],удовлетворение,With great satisfaction.,С большим удовлетворением.,https://ssl.gstatic.com/dictionary/static/sounds/20200429/satisfaction--_us_1.mp3
influence,[ˈɪnfluəns],влияние; влиять,He has influence.,Он имеет влияние.,https://ssl.gstatic.com/dictionary/static/sounds/20200429/influence--_us_1.mp3
instead,[ɪnˈsted],вместо,Instead of that.,Вместо этого.,https://ssl.gstatic.com/dictionary/static/sounds/20200429/instead--_us_1.mp3
express,[ɪkˈspres],выражать; экспресс,I can't express my feelings.,Я не могу выразить свои чувства.,https://ssl.gstatic.com/dictionary/static/sounds/20200429/express--_us_1.mp3
opportunity,[ˌɑːpərˈtuːnəti],возможность,This is a great opportunity.,Это отличная возможность.,https://ssl.gstatic.com/dictionary/static/sounds/20200429/opportunity--_us_1.mp3
below,[bɪˈloʊ],ниже,See below.,Смотри ниже.,https://ssl.gstatic.com/dictionary/static/sounds/20200429/below--_us_1.mp3
late,[leɪt],поздний; поздно,Don't be late.,Не опаздывай.,https://ssl.gstatic.com/dictionary/static/sounds/20200429/late--_us_1.mp3
rainy,[ˈreɪni],дождливый,It's a rainy day.,Дождливый день.,https://ssl.gstatic.com/dictionary/static/sounds/20200429/rainy--_us_1.mp3
blow,[bloʊ],дуть; удар,The wind blows.,Ветер дует.,https://ssl.gstatic.com/dictionary/static/sounds/20200429/blow--_us_1.mp3
look like,[lʊk laɪk],выглядеть как,You look like your father.,Ты похож на отца.,https://ssl.gstatic.com/dictionary/static/sounds/20200429/look--_us_1.mp3
ruin,[ˈruːɪn],руины; разрушать,Don't ruin it.,Не разрушай это.,https://ssl.gstatic.com/dictionary/static/sounds/20200429/ruin--_us_1.mp3
kind,[kaɪnd],добрый; вид,Be kind.,Будь добрым.,https://ssl.gstatic.com/dictionary/static/sounds/20200429/kind--_us_1.mp3
hang,[hæŋ],вешать; висеть,Hang the picture.,Повесь картину.,https://ssl.gstatic.com/dictionary/static/sounds/20200429/hang--_us_1.mp3
sad,[sæd],грустный,Don't be sad.,Не грусти.,https://ssl.gstatic.com/dictionary/static/sounds/20200429/sad--_us_1.mp3
ground,[ɡraʊnd],земля; почва,The ground is wet.,Земля мокрая.,https://ssl.gstatic.com/dictionary/static/sounds/20200429/ground--_us_1.mp3
rainfall,[ˈreɪnfɔːl],осадки,The rainfall was heavy.,Осадки были обильными.,https://ssl.gstatic.com/dictionary/static/sounds/20200429/rainfall--_us_1.mp3
degree,[dɪˈɡriː],степень; градус,It's 20 degrees.,20 градусов.,https://ssl.gstatic.com/dictionary/static/sounds/20200429/degree--_us_1.mp3
shout,[ʃaʊt],кричать,Don't shout.,Не кричи.,https://ssl.gstatic.com/dictionary/static/sounds/20200429/shout--_us_1.mp3
sweater,[ˈswetər],свитер,Put on a sweater.,Надень свитер.,https://ssl.gstatic.com/dictionary/static/sounds/20200429/sweater--_us_1.mp3
hairdresser,[ˈherdresər],парикмахер,Go to the hairdresser.,Иди к парикмахеру.,https://ssl.gstatic.com/dictionary/static/sounds/20200429/hairdresser--_us_1.mp3
report,[rɪˈpɔːrt],отчёт; сообщать,Write a report.,Напиши отчёт.,https://ssl.gstatic.com/dictionary/static/sounds/20200429/report--_us_1.mp3
currently,[ˈkɜːrəntli],в настоящее время,Currently I'm studying.,В настоящее время я учусь.,https://ssl.gstatic.com/dictionary/static/sounds/20200429/currently--_us_1.mp3
cheer up,[tʃɪr ʌp],подбодрить,Cheer up!,Взбодрись!,https://ssl.gstatic.com/dictionary/static/sounds/20200429/cheer--_us_1.mp3
burnout,[ˈbɜːrnaʊt],выгорание,He suffers from burnout.,Он страдает от выгорания.,https://ssl.gstatic.com/dictionary/static/sounds/20200429/burnout--_us_1.mp3
stray,[streɪ],бродячий; заблудившийся,The stray dog was friendly.,Бродячая собака была дружелюбной.,https://ssl.gstatic.com/dictionary/static/sounds/20200429/stray--_us_1.mp3
shepherd dog,[ˈʃepərd dɔːɡ],овчарка,The shepherd dog is smart.,Овчарка умная.,https://ssl.gstatic.com/dictionary/static/sounds/20200429/shepherd--_us_1.mp3
breed,[briːd],порода; разводить,What breed is it?,Какая это порода?,https://ssl.gstatic.com/dictionary/static/sounds/20200429/breed--_us_1.mp3
decorate,[ˈdekəreɪt],украшать,Let's decorate the room.,Давайте украсим комнату.,https://ssl.gstatic.com/dictionary/static/sounds/20200429/decorate--_us_1.mp3
trousers,[ˈtraʊzərz],брюки,These trousers are too big.,Эти брюки слишком большие.,https://ssl.gstatic.com/dictionary/static/sounds/20200429/trousers--_us_1.mp3
reward,[rɪˈwɔːrd],награда; награждать,You deserve a reward.,Ты заслуживаешь награды.,https://ssl.gstatic.com/dictionary/static/sounds/20200429/reward--_us_1.mp3
serve,[sɜːrv],подавать; служить,Serve the food.,Подай еду.,https://ssl.gstatic.com/dictionary/static/sounds/20200429/serve--_us_1.mp3
noodle,[ˈnuːdəl],лапша,I like noodles.,Я люблю лапшу.,https://ssl.gstatic.com/dictionary/static/sounds/20200429/noodle--_us_1.mp3
dish,[dɪʃ],блюдо; тарелка,What's your favorite dish?,Какое твоё любимое блюдо?,https://ssl.gstatic.com/dictionary/static/sounds/20200429/dish--_us_1.mp3
chef,[ʃef],шеф-повар,The chef is talented.,Шеф-повар талантливый.,https://ssl.gstatic.com/dictionary/static/sounds/20200429/chef--_us_1.mp3
dessert,[dɪˈzɜːrt],десерт,What's for dessert?,Что на десерт?,https://ssl.gstatic.com/dictionary/static/sounds/20200429/dessert--_us_1.mp3
tip,[tɪp],чаевые; совет,Leave a tip.,Оставь чаевые.,https://ssl.gstatic.com/dictionary/static/sounds/20200429/tip--_us_1.mp3
steak,[steɪk],стейк,I'll have a steak.,Я возьму стейк.,https://ssl.gstatic.com/dictionary/static/sounds/20200429/steak--_us_1.mp3
order,[ˈɔːrdər],заказ; заказывать,Can I take your order?,Могу я принять ваш заказ?,https://ssl.gstatic.com/dictionary/static/sounds/20200429/order--_us_1.mp3
main course,[meɪn kɔːrs],основное блюдо,What's the main course?,Что на основное блюдо?,https://ssl.gstatic.com/dictionary/static/sounds/20200429/main--_us_1.mp3
starter,[ˈstɑːrtər],закуска,We'll have starters first.,Сначала возьмём закуски.,https://ssl.gstatic.com/dictionary/static/sounds/20200429/starter--_us_1.mp3
bill,[bɪl],счёт,Can I have the bill?,Можно счёт?,https://ssl.gstatic.com/dictionary/static/sounds/20200429/bill--_us_1.mp3
menu,[ˈmenjuː],меню,Show me the menu.,Покажи мне меню.,https://ssl.gstatic.com/dictionary/static/sounds/20200429/menu--_us_1.mp3
waiter,[ˈweɪtər],официант,The waiter is polite.,Официант вежливый.,https://ssl.gstatic.com/dictionary/static/sounds/20200429/waiter--_us_1.mp3
side dish,[saɪd dɪʃ],гарнир,What side dish would you like?,Какой гарнир вы хотите?,https://ssl.gstatic.com/dictionary/static/sounds/20200429/side--_us_1.mp3
waitress,[ˈweɪtrəs],официантка,The waitress is friendly.,Официантка дружелюбная.,https://ssl.gstatic.com/dictionary/static/sounds/20200429/waitress--_us_1.mp3
calmness,[ˈkɑːmnəs],спокойствие,I need calmness.,Мне нужно спокойствие.,https://ssl.gstatic.com/dictionary/static/sounds/20200429/calmness--_us_1.mp3
tasty,[ˈteɪsti],вкусный,It's very tasty.,Это очень вкусно.,https://ssl.gstatic.com/dictionary/static/sounds/20200429/tasty--_us_1.mp3
add,[æd],добавлять,Add some salt.,Добавь немного соли.,https://ssl.gstatic.com/dictionary/static/sounds/20200429/add--_us_1.mp3
also,[ˈɔːlsoʊ],также,I also like it.,Мне это тоже нравится.,https://ssl.gstatic.com/dictionary/static/sounds/20200429/also--_us_1.mp3
dumpling,[ˈdʌmplɪŋ],пельмень; клёцка,I love dumplings.,Я люблю пельмени.,https://ssl.gstatic.com/dictionary/static/sounds/20200429/dumpling--_us_1.mp3
cuisine,[kwɪˈziːn],кухня,French cuisine is famous.,Французская кухня знаменита.,https://ssl.gstatic.com/dictionary/static/sounds/20200429/cuisine--_us_1.mp3
safety regulations,[ˈseɪfti ˌreɡjuˈleɪʃənz],правила безопасности,Follow safety regulations.,Соблюдай правила безопасности.,https://ssl.gstatic.com/dictionary/static/sounds/20200429/safety--_us_1.mp3
sew,[soʊ],шить,She can sew.,Она умеет шить.,https://ssl.gstatic.com/dictionary/static/sounds/20200429/sew--_us_1.mp3
non-stop flight,[nɑːn stɑːp flaɪt],прямой рейс,We took a non-stop flight.,Мы взяли прямой рейс.,https://ssl.gstatic.com/dictionary/static/sounds/20200429/flight--_us_1.mp3
get rid of,[ɡet rɪd ʌv],избавиться от,Get rid of it.,Избавься от этого.,https://ssl.gstatic.com/dictionary/static/sounds/20200429/rid--_us_1.mp3
break a habit,[breɪk ə ˈhæbɪt],избавиться от привычки,It's hard to break a habit.,Трудно избавиться от привычки.,https://ssl.gstatic.com/dictionary/static/sounds/20200429/habit--_us_1.mp3
try doing something,[traɪ ˈduːɪŋ ˈsʌmθɪŋ],попробовать сделать что-то,Try doing it differently.,Попробуй сделать это по-другому.,https://ssl.gstatic.com/dictionary/static/sounds/20200429/try--_us_1.mp3
make a positive change,[meɪk ə ˈpɑːzətɪv tʃeɪndʒ],внести позитивные изменения,Make a positive change in your life.,Внеси позитивные изменения в свою жизнь.,https://ssl.gstatic.com/dictionary/static/sounds/20200429/positive--_us_1.mp3
challenge yourself,[ˈtʃælɪndʒ jərˈself],бросить себе вызов,Challenge yourself every day.,Бросай себе вызов каждый день.,https://ssl.gstatic.com/dictionary/static/sounds/20200429/challenge--_us_1.mp3
form a habit,[fɔːrm ə ˈhæbɪt],сформировать привычку,Form a habit of reading.,Сформируй привычку читать.,https://ssl.gstatic.com/dictionary/static/sounds/20200429/habit--_us_1.mp3
reach a goal,[riːtʃ ə ɡoʊl],достичь цели,Work hard to reach your goal.,Упорно работай, чтобы достичь цели.,https://ssl.gstatic.com/dictionary/static/sounds/20200429/goal--_us_1.mp3
challenge,[ˈtʃælɪndʒ],вызов; бросать вызов,It's a challenge.,Это вызов.,https://ssl.gstatic.com/dictionary/static/sounds/20200429/challenge--_us_1.mp3
whereas,[werˈæz],тогда как,He likes tea whereas I prefer coffee.,Он любит чай, тогда как я предпочитаю кофе.,https://ssl.gstatic.com/dictionary/static/sounds/20200429/whereas--_us_1.mp3
bird-watching,[bɜːrd ˈwɑːtʃɪŋ],наблюдение за птицами,Bird-watching is relaxing.,Наблюдение за птицами расслабляет.,https://ssl.gstatic.com/dictionary/static/sounds/20200429/bird--_us_1.mp3
puzzle,[ˈpʌzəl],головоломка; пазл,I love puzzles.,Я люблю головоломки.,https://ssl.gstatic.com/dictionary/static/sounds/20200429/puzzle--_us_1.mp3
photography,[fəˈtɑːɡrəfi],фотография,Photography is my hobby.,Фотография - моё хобби.,https://ssl.gstatic.com/dictionary/static/sounds/20200429/photography--_us_1.mp3
collecting,[kəˈlektɪŋ],коллекционирование,Collecting stamps is fun.,Коллекционирование марок весело.,https://ssl.gstatic.com/dictionary/static/sounds/20200429/collecting--_us_1.mp3
reading,[ˈriːdɪŋ],чтение,Reading is important.,Чтение важно.,https://ssl.gstatic.com/dictionary/static/sounds/20200429/reading--_us_1.mp3
be a fan of,[biː ə fæn ʌv],быть фанатом,I'm a fan of this band.,Я фанат этой группы.,https://ssl.gstatic.com/dictionary/static/sounds/20200429/fan--_us_1.mp3
really like,[ˈriːəli laɪk],очень нравиться,I really like it.,Мне это очень нравится.,https://ssl.gstatic.com/dictionary/static/sounds/20200429/really--_us_1.mp3
quite like,[kwaɪt laɪk],довольно нравиться,I quite like it.,Мне это довольно нравится.,https://ssl.gstatic.com/dictionary/static/sounds/20200429/quite--_us_1.mp3
can't stand,[kænt stænd],не выносить,I can't stand it.,Я не выношу это.,https://ssl.gstatic.com/dictionary/static/sounds/20200429/stand--_us_1.mp3
don't mind,[doʊnt maɪnd],не возражать,I don't mind.,Я не возражаю.,https://ssl.gstatic.com/dictionary/static/sounds/20200429/mind--_us_1.mp3
be crazy about,[biː ˈkreɪzi əˈbaʊt],сходить с ума по,I'm crazy about music.,Я схожу с ума по музыке.,https://ssl.gstatic.com/dictionary/static/sounds/20200429/crazy--_us_1.mp3
enjoy,[ɪnˈdʒɔɪ],наслаждаться,I enjoy reading.,Я наслаждаюсь чтением.,https://ssl.gstatic.com/dictionary/static/sounds/20200429/enjoy--_us_1.mp3
hate,[heɪt],ненавидеть,I hate waiting.,Я ненавижу ждать.,https://ssl.gstatic.com/dictionary/static/sounds/20200429/hate--_us_1.mp3
love,[lʌv],любить,I love you.,Я люблю тебя.,https://ssl.gstatic.com/dictionary/static/sounds/20200429/love--_us_1.mp3
like,[laɪk],нравиться; как,I like it.,Мне это нравится.,https://ssl.gstatic.com/dictionary/static/sounds/20200429/like--_us_1.mp3
learning new languages,[ˈlɜːrnɪŋ nuː ˈlæŋɡwɪdʒɪz],изучение новых языков,Learning new languages is fun.,Изучение новых языков весело.,https://ssl.gstatic.com/dictionary/static/sounds/20200429/learning--_us_1.mp3
DIY,[ˌdiː aɪ ˈwaɪ],сделай сам,DIY projects are rewarding.,Проекты "сделай сам" приносят удовлетворение.,https://ssl.gstatic.com/dictionary/static/sounds/20200429/diy--_us_1.mp3
blogging,[ˈblɑːɡɪŋ],ведение блога,Blogging is popular.,Ведение блога популярно.,https://ssl.gstatic.com/dictionary/static/sounds/20200429/blogging--_us_1.mp3
work out,[wɜːrk aʊt],тренироваться,I work out every day.,Я тренируюсь каждый день.,https://ssl.gstatic.com/dictionary/static/sounds/20200429/work--_us_1.mp3
gardening,[ˈɡɑːrdənɪŋ],садоводство,Gardening is relaxing.,Садоводство расслабляет.,https://ssl.gstatic.com/dictionary/static/sounds/20200429/gardening--_us_1.mp3
generous,[ˈdʒenərəs],щедрый,He is generous.,Он щедрый.,https://ssl.gstatic.com/dictionary/static/sounds/20200429/generous--_us_1.mp3
revise,[rɪˈvaɪz],пересматривать; повторять,Revise your notes.,Пересмотри свои записи.,https://ssl.gstatic.com/dictionary/static/sounds/20200429/revise--_us_1.mp3
textbook,[ˈtekstbʊk],учебник,Open your textbook.,Открой учебник.,https://ssl.gstatic.com/dictionary/static/sounds/20200429/textbook--_us_1.mp3
once,[wʌns],один раз; когда-то,Once upon a time.,Однажды.,https://ssl.gstatic.com/dictionary/static/sounds/20200429/once--_us_1.mp3
talk to,[tɔːk tuː],разговаривать с,Talk to me.,Поговори со мной.,https://ssl.gstatic.com/dictionary/static/sounds/20200429/talk--_us_1.mp3
spend time on,[spend taɪm ɑːn],тратить время на,Don't spend time on that.,Не трать время на это.,https://ssl.gstatic.com/dictionary/static/sounds/20200429/spend--_us_1.mp3
look at,[lʊk æt],смотреть на,Look at me.,Посмотри на меня.,https://ssl.gstatic.com/dictionary/static/sounds/20200429/look--_us_1.mp3
wait for,[weɪt fɔːr],ждать,Wait for me.,Подожди меня.,https://ssl.gstatic.com/dictionary/static/sounds/20200429/wait--_us_1.mp3
go out with,[ɡoʊ aʊt wɪð],встречаться с,He goes out with her.,Он встречается с ней.,https://ssl.gstatic.com/dictionary/static/sounds/20200429/go--_us_1.mp3
listen to,[ˈlɪsən tuː],слушать,Listen to music.,Слушай музыку.,https://ssl.gstatic.com/dictionary/static/sounds/20200429/listen--_us_1.mp3
come up to,[kʌm ʌp tuː],подойти к,Come up to me.,Подойди ко мне.,https://ssl.gstatic.com/dictionary/static/sounds/20200429/come--_us_1.mp3
confuse,[kənˈfjuːz],путать,Don't confuse me.,Не путай меня.,https://ssl.gstatic.com/dictionary/static/sounds/20200429/confuse--_us_1.mp3
oatmeal,[ˈoʊtmiːl],овсянка,I eat oatmeal for breakfast.,Я ем овсянку на завтрак.,https://ssl.gstatic.com/dictionary/static/sounds/20200429/oatmeal--_us_1.mp3
icebreaker,[ˈaɪsbreɪkər],ледокол; разминка,The icebreaker helped us start talking.,Разминка помогла нам начать разговор.,https://ssl.gstatic.com/dictionary/static/sounds/20200429/icebreaker--_us_1.mp3
behave,[bɪˈheɪv],вести себя,Behave yourself.,Веди себя хорошо.,https://ssl.gstatic.com/dictionary/static/sounds/20200429/behave--_us_1.mp3
describe,[dɪˈskraɪb],описывать,Describe it to me.,Опиши это мне.,https://ssl.gstatic.com/dictionary/static/sounds/20200429/describe--_us_1.mp3
big-hearted,[bɪɡ ˈhɑːrtɪd],великодушный,He is big-hearted.,Он великодушный.,https://ssl.gstatic.com/dictionary/static/sounds/20200429/big--_us_1.mp3
beautiful inside and out,[ˈbjuːtɪfəl ɪnˈsaɪd ænd aʊt],красивый внутри и снаружи,She is beautiful inside and out.,Она красива внутри и снаружи.,https://ssl.gstatic.com/dictionary/static/sounds/20200429/beautiful--_us_1.mp3
easy-going,[ˈiːzi ˈɡoʊɪŋ],легко общаться,He is easy-going.,С ним легко общаться.,https://ssl.gstatic.com/dictionary/static/sounds/20200429/easy--_us_1.mp3
confident,[ˈkɑːnfɪdənt],уверенный,Be confident.,Будь уверенным.,https://ssl.gstatic.com/dictionary/static/sounds/20200429/confident--_us_1.mp3
annoying,[əˈnɔɪɪŋ],раздражающий,That's annoying.,Это раздражает.,https://ssl.gstatic.com/dictionary/static/sounds/20200429/annoying--_us_1.mp3
arrogant,[ˈærəɡənt],высокомерный,He is arrogant.,Он высокомерный.,https://ssl.gstatic.com/dictionary/static/sounds/20200429/arrogant--_us_1.mp3
polite,[pəˈlaɪt],вежливый,Be polite.,Будь вежливым.,https://ssl.gstatic.com/dictionary/static/sounds/20200429/polite--_us_1.mp3
smart,[smɑːrt],умный,You're smart.,Ты умный.,https://ssl.gstatic.com/dictionary/static/sounds/20200429/smart--_us_1.mp3
charming,[ˈtʃɑːrmɪŋ],очаровательный,She is charming.,Она очаровательна.,https://ssl.gstatic.com/dictionary/static/sounds/20200429/charming--_us_1.mp3
sensitive,[ˈsensətɪv],чувствительный,He is sensitive.,Он чувствительный.,https://ssl.gstatic.com/dictionary/static/sounds/20200429/sensitive--_us_1.mp3
honest,[ˈɑːnɪst],честный,Be honest.,Будь честным.,https://ssl.gstatic.com/dictionary/static/sounds/20200429/honest--_us_1.mp3
energetic,[ˌenərˈdʒetɪk],энергичный,She is energetic.,Она энергичная.,https://ssl.gstatic.com/dictionary/static/sounds/20200429/energetic--_us_1.mp3
jealous,[ˈdʒeləs],ревнивый,Don't be jealous.,Не будь ревнивым.,https://ssl.gstatic.com/dictionary/static/sounds/20200429/jealous--_us_1.mp3
